,Sample Name,Source Plate Name,Source Well,Destination Well,Transfer Volume,Destination Plate Name,Source Plate Type
0,A1,af_src001,A1,A1,2000,dest_plate,384PP_AQ_BP
1,A1,af_src001,A1,A2,2000,dest_plate,384PP_AQ_BP
2,A1,af_src001,A1,A3,2000,dest_plate,384PP_AQ_BP
3,A1,af_src001,A1,A4,2000,dest_plate,384PP_AQ_BP
4,A1,af_src001,A1,A5,2000,dest_plate,384PP_AQ_BP
5,A1,af_src001,A1,A6,2000,dest_plate,384PP_AQ_BP
6,A1,af_src001,A1,A7,2000,dest_plate,384PP_AQ_BP
7,A1,af_src001,A1,A8,2000,dest_plate,384PP_AQ_BP
8,A1,af_src001,A1,A9,2000,dest_plate,384PP_AQ_BP
9,A2,af_src001,A3,A10,2000,dest_plate,384PP_AQ_BP
10,A2,af_src001,A3,A11,2000,dest_plate,384PP_AQ_BP
11,A2,af_src001,A3,A12,2000,dest_plate,384PP_AQ_BP
12,A2,af_src001,A3,A13,2000,dest_plate,384PP_AQ_BP
13,A2,af_src001,A3,A14,2000,dest_plate,384PP_AQ_BP
14,A2,af_src001,A3,A15,2000,dest_plate,384PP_AQ_BP
15,A2,af_src001,A3,A16,2000,dest_plate,384PP_AQ_BP
16,A2,af_src001,A3,A17,2000,dest_plate,384PP_AQ_BP
17,A2,af_src001,A3,A18,2000,dest_plate,384PP_AQ_BP
18,A3,af_src001,A5,A19,2000,dest_plate,384PP_AQ_BP
19,A3,af_src001,A5,A20,2000,dest_plate,384PP_AQ_BP
20,A3,af_src001,A5,A21,2000,dest_plate,384PP_AQ_BP
21,A3,af_src001,A5,A22,2000,dest_plate,384PP_AQ_BP
22,A3,af_src001,A5,A23,2000,dest_plate,384PP_AQ_BP
23,A3,af_src001,A5,A24,2000,dest_plate,384PP_AQ_BP
24,A3,af_src001,A5,B1,2000,dest_plate,384PP_AQ_BP
25,A3,af_src001,A5,B2,2000,dest_plate,384PP_AQ_BP
26,A3,af_src001,A5,B3,2000,dest_plate,384PP_AQ_BP
27,A4,af_src001,A7,B4,2000,dest_plate,384PP_AQ_BP
28,A4,af_src001,A7,B5,2000,dest_plate,384PP_AQ_BP
29,A4,af_src001,A7,B6,2000,dest_plate,384PP_AQ_BP
30,A4,af_src001,A7,B7,2000,dest_plate,384PP_AQ_BP
31,A4,af_src001,A7,B8,2000,dest_plate,384PP_AQ_BP
32,A4,af_src001,A7,B9,2000,dest_plate,384PP_AQ_BP
33,A4,af_src001,A7,B10,2000,dest_plate,384PP_AQ_BP
34,A4,af_src001,A7,B11,2000,dest_plate,384PP_AQ_BP
35,A4,af_src001,A7,B12,2000,dest_plate,384PP_AQ_BP
36,A5,af_src001,A9,B13,2000,dest_plate,384PP_AQ_BP
37,A5,af_src001,A9,B14,2000,dest_plate,384PP_AQ_BP
38,A5,af_src001,A9,B15,2000,dest_plate,384PP_AQ_BP
39,A5,af_src001,A9,B16,2000,dest_plate,384PP_AQ_BP
40,A5,af_src001,A9,B17,2000,dest_plate,384PP_AQ_BP
41,A5,af_src001,A9,B18,2000,dest_plate,384PP_AQ_BP
42,A5,af_src001,A9,B19,2000,dest_plate,384PP_AQ_BP
43,A5,af_src001,A9,B20,2000,dest_plate,384PP_AQ_BP
44,A5,af_src001,A9,B21,2000,dest_plate,384PP_AQ_BP
45,A6,af_src001,A11,B22,2000,dest_plate,384PP_AQ_BP
46,A6,af_src001,A11,B23,2000,dest_plate,384PP_AQ_BP
47,A6,af_src001,A11,B24,2000,dest_plate,384PP_AQ_BP
48,A6,af_src001,A11,C1,2000,dest_plate,384PP_AQ_BP
49,A6,af_src001,A11,C2,2000,dest_plate,384PP_AQ_BP
50,A6,af_src001,A11,C3,2000,dest_plate,384PP_AQ_BP
51,A6,af_src001,A11,C4,2000,dest_plate,384PP_AQ_BP
52,A6,af_src001,A11,C5,2000,dest_plate,384PP_AQ_BP
53,A6,af_src001,A11,C6,2000,dest_plate,384PP_AQ_BP
54,A7,af_src001,A13,C7,2000,dest_plate,384PP_AQ_BP
55,A7,af_src001,A13,C8,2000,dest_plate,384PP_AQ_BP
56,A7,af_src001,A13,C9,2000,dest_plate,384PP_AQ_BP
57,A7,af_src001,A13,C10,2000,dest_plate,384PP_AQ_BP
58,A7,af_src001,A13,C11,2000,dest_plate,384PP_AQ_BP
59,A7,af_src001,A13,C12,2000,dest_plate,384PP_AQ_BP
60,A7,af_src001,A13,C13,2000,dest_plate,384PP_AQ_BP
61,A7,af_src001,A13,C14,2000,dest_plate,384PP_AQ_BP
62,A7,af_src001,A13,C15,2000,dest_plate,384PP_AQ_BP
63,A8,af_src001,A15,C16,2000,dest_plate,384PP_AQ_BP
64,A8,af_src001,A15,C17,2000,dest_plate,384PP_AQ_BP
65,A8,af_src001,A15,C18,2000,dest_plate,384PP_AQ_BP
66,A8,af_src001,A15,C19,2000,dest_plate,384PP_AQ_BP
67,A8,af_src001,A15,C20,2000,dest_plate,384PP_AQ_BP
68,A8,af_src001,A15,C21,2000,dest_plate,384PP_AQ_BP
69,A8,af_src001,A15,C22,2000,dest_plate,384PP_AQ_BP
70,A8,af_src001,A15,C23,2000,dest_plate,384PP_AQ_BP
71,A8,af_src001,A15,C24,2000,dest_plate,384PP_AQ_BP
72,A9,af_src001,A17,D1,2000,dest_plate,384PP_AQ_BP
73,A9,af_src001,A17,D2,2000,dest_plate,384PP_AQ_BP
74,A9,af_src001,A17,D3,2000,dest_plate,384PP_AQ_BP
75,A9,af_src001,A17,D4,2000,dest_plate,384PP_AQ_BP
76,A9,af_src001,A17,D5,2000,dest_plate,384PP_AQ_BP
77,A9,af_src001,A17,D6,2000,dest_plate,384PP_AQ_BP
78,A9,af_src001,A17,D7,2000,dest_plate,384PP_AQ_BP
79,A9,af_src001,A17,D8,2000,dest_plate,384PP_AQ_BP
80,A9,af_src001,A17,D9,2000,dest_plate,384PP_AQ_BP
81,A10,af_src001,A19,D10,2000,dest_plate,384PP_AQ_BP
82,A10,af_src001,A19,D11,2000,dest_plate,384PP_AQ_BP
83,A10,af_src001,A19,D12,2000,dest_plate,384PP_AQ_BP
84,A10,af_src001,A19,D13,2000,dest_plate,384PP_AQ_BP
85,A10,af_src001,A19,D14,2000,dest_plate,384PP_AQ_BP
86,A10,af_src001,A19,D15,2000,dest_plate,384PP_AQ_BP
87,A10,af_src001,A19,D16,2000,dest_plate,384PP_AQ_BP
88,A10,af_src001,A19,D17,2000,dest_plate,384PP_AQ_BP
89,A10,af_src001,A19,D18,2000,dest_plate,384PP_AQ_BP
90,A11,af_src001,A21,D19,2000,dest_plate,384PP_AQ_BP
91,A11,af_src001,A21,D20,2000,dest_plate,384PP_AQ_BP
92,A11,af_src001,A21,D21,2000,dest_plate,384PP_AQ_BP
93,A11,af_src001,A21,D22,2000,dest_plate,384PP_AQ_BP
94,A11,af_src001,A21,D23,2000,dest_plate,384PP_AQ_BP
95,A11,af_src001,A21,D24,2000,dest_plate,384PP_AQ_BP
96,A11,af_src001,A21,E1,2000,dest_plate,384PP_AQ_BP
97,A11,af_src001,A21,E2,2000,dest_plate,384PP_AQ_BP
98,A11,af_src001,A21,E3,2000,dest_plate,384PP_AQ_BP
99,A12,af_src001,A23,E4,2000,dest_plate,384PP_AQ_BP
100,A12,af_src001,A23,E5,2000,dest_plate,384PP_AQ_BP
101,A12,af_src001,A23,E6,2000,dest_plate,384PP_AQ_BP
102,A12,af_src001,A23,E7,2000,dest_plate,384PP_AQ_BP
103,A12,af_src001,A23,E8,2000,dest_plate,384PP_AQ_BP
104,A12,af_src001,A23,E9,2000,dest_plate,384PP_AQ_BP
105,A12,af_src001,A23,E10,2000,dest_plate,384PP_AQ_BP
106,A12,af_src001,A23,E11,2000,dest_plate,384PP_AQ_BP
107,A12,af_src001,A23,E12,2000,dest_plate,384PP_AQ_BP
108,B1,af_src001,B1,E13,2000,dest_plate,384PP_AQ_BP
109,B1,af_src001,B1,E14,2000,dest_plate,384PP_AQ_BP
110,B1,af_src001,B1,E15,2000,dest_plate,384PP_AQ_BP
111,B1,af_src001,B1,E16,2000,dest_plate,384PP_AQ_BP
112,B1,af_src001,B1,E17,2000,dest_plate,384PP_AQ_BP
113,B1,af_src001,B1,E18,2000,dest_plate,384PP_AQ_BP
114,B1,af_src001,B1,E19,2000,dest_plate,384PP_AQ_BP
115,B1,af_src001,B1,E20,2000,dest_plate,384PP_AQ_BP
116,B1,af_src001,B1,E21,2000,dest_plate,384PP_AQ_BP
117,B2,af_src001,B3,E22,2000,dest_plate,384PP_AQ_BP
118,B2,af_src001,B3,E23,2000,dest_plate,384PP_AQ_BP
119,B2,af_src001,B3,E24,2000,dest_plate,384PP_AQ_BP
120,B2,af_src001,B3,F1,2000,dest_plate,384PP_AQ_BP
121,B2,af_src001,B3,F2,2000,dest_plate,384PP_AQ_BP
122,B2,af_src001,B3,F3,2000,dest_plate,384PP_AQ_BP
123,B2,af_src001,B3,F4,2000,dest_plate,384PP_AQ_BP
124,B2,af_src001,B3,F5,2000,dest_plate,384PP_AQ_BP
125,B2,af_src001,B3,F6,2000,dest_plate,384PP_AQ_BP
126,B3,af_src001,B5,F7,2000,dest_plate,384PP_AQ_BP
127,B3,af_src001,B5,F8,2000,dest_plate,384PP_AQ_BP
128,B3,af_src001,B5,F9,2000,dest_plate,384PP_AQ_BP
129,B3,af_src001,B5,F10,2000,dest_plate,384PP_AQ_BP
130,B3,af_src001,B5,F11,2000,dest_plate,384PP_AQ_BP
131,B3,af_src001,B5,F12,2000,dest_plate,384PP_AQ_BP
132,B3,af_src001,B5,F13,2000,dest_plate,384PP_AQ_BP
133,B3,af_src001,B5,F14,2000,dest_plate,384PP_AQ_BP
134,B3,af_src001,B5,F15,2000,dest_plate,384PP_AQ_BP
135,B4,af_src001,B7,F16,2000,dest_plate,384PP_AQ_BP
136,B4,af_src001,B7,F17,2000,dest_plate,384PP_AQ_BP
137,B4,af_src001,B7,F18,2000,dest_plate,384PP_AQ_BP
138,B4,af_src001,B7,F19,2000,dest_plate,384PP_AQ_BP
139,B4,af_src001,B7,F20,2000,dest_plate,384PP_AQ_BP
140,B4,af_src001,B7,F21,2000,dest_plate,384PP_AQ_BP
141,B4,af_src001,B7,F22,2000,dest_plate,384PP_AQ_BP
142,B4,af_src001,B7,F23,2000,dest_plate,384PP_AQ_BP
143,B4,af_src001,B7,F24,2000,dest_plate,384PP_AQ_BP
144,B5,af_src001,B9,G1,2000,dest_plate,384PP_AQ_BP
145,B5,af_src001,B9,G2,2000,dest_plate,384PP_AQ_BP
146,B5,af_src001,B9,G3,2000,dest_plate,384PP_AQ_BP
147,B5,af_src001,B9,G4,2000,dest_plate,384PP_AQ_BP
148,B5,af_src001,B9,G5,2000,dest_plate,384PP_AQ_BP
149,B5,af_src001,B9,G6,2000,dest_plate,384PP_AQ_BP
150,B5,af_src001,B9,G7,2000,dest_plate,384PP_AQ_BP
151,B5,af_src001,B9,G8,2000,dest_plate,384PP_AQ_BP
152,B5,af_src001,B9,G9,2000,dest_plate,384PP_AQ_BP
153,B6,af_src001,B11,G10,2000,dest_plate,384PP_AQ_BP
154,B6,af_src001,B11,G11,2000,dest_plate,384PP_AQ_BP
155,B6,af_src001,B11,G12,2000,dest_plate,384PP_AQ_BP
156,B6,af_src001,B11,G13,2000,dest_plate,384PP_AQ_BP
157,B6,af_src001,B11,G14,2000,dest_plate,384PP_AQ_BP
158,B6,af_src001,B11,G15,2000,dest_plate,384PP_AQ_BP
159,B6,af_src001,B11,G16,2000,dest_plate,384PP_AQ_BP
160,B6,af_src001,B11,G17,2000,dest_plate,384PP_AQ_BP
161,B6,af_src001,B11,G18,2000,dest_plate,384PP_AQ_BP
162,B7,af_src001,B13,G19,2000,dest_plate,384PP_AQ_BP
163,B7,af_src001,B13,G20,2000,dest_plate,384PP_AQ_BP
164,B7,af_src001,B13,G21,2000,dest_plate,384PP_AQ_BP
165,B7,af_src001,B13,G22,2000,dest_plate,384PP_AQ_BP
166,B7,af_src001,B13,G23,2000,dest_plate,384PP_AQ_BP
167,B7,af_src001,B13,G24,2000,dest_plate,384PP_AQ_BP
168,B7,af_src001,B13,H1,2000,dest_plate,384PP_AQ_BP
169,B7,af_src001,B13,H2,2000,dest_plate,384PP_AQ_BP
170,B7,af_src001,B13,H3,2000,dest_plate,384PP_AQ_BP
171,B8,af_src001,B15,H4,2000,dest_plate,384PP_AQ_BP
172,B8,af_src001,B15,H5,2000,dest_plate,384PP_AQ_BP
173,B8,af_src001,B15,H6,2000,dest_plate,384PP_AQ_BP
174,B8,af_src001,B15,H7,2000,dest_plate,384PP_AQ_BP
175,B8,af_src001,B15,H8,2000,dest_plate,384PP_AQ_BP
176,B8,af_src001,B15,H9,2000,dest_plate,384PP_AQ_BP
177,B8,af_src001,B15,H10,2000,dest_plate,384PP_AQ_BP
178,B8,af_src001,B15,H11,2000,dest_plate,384PP_AQ_BP
179,B8,af_src001,B15,H12,2000,dest_plate,384PP_AQ_BP
180,B9,af_src001,B17,H13,2000,dest_plate,384PP_AQ_BP
181,B9,af_src001,B17,H14,2000,dest_plate,384PP_AQ_BP
182,B9,af_src001,B17,H15,2000,dest_plate,384PP_AQ_BP
183,B9,af_src001,B17,H16,2000,dest_plate,384PP_AQ_BP
184,B9,af_src001,B17,H17,2000,dest_plate,384PP_AQ_BP
185,B9,af_src001,B17,H18,2000,dest_plate,384PP_AQ_BP
186,B9,af_src001,B17,H19,2000,dest_plate,384PP_AQ_BP
187,B9,af_src001,B17,H20,2000,dest_plate,384PP_AQ_BP
188,B9,af_src001,B17,H21,2000,dest_plate,384PP_AQ_BP
189,B10,af_src001,B19,H22,2000,dest_plate,384PP_AQ_BP
190,B10,af_src001,B19,H23,2000,dest_plate,384PP_AQ_BP
191,B10,af_src001,B19,H24,2000,dest_plate,384PP_AQ_BP
192,B10,af_src001,B19,I1,2000,dest_plate,384PP_AQ_BP
193,B10,af_src001,B19,I2,2000,dest_plate,384PP_AQ_BP
194,B10,af_src001,B19,I3,2000,dest_plate,384PP_AQ_BP
195,B10,af_src001,B19,I4,2000,dest_plate,384PP_AQ_BP
196,B10,af_src001,B19,I5,2000,dest_plate,384PP_AQ_BP
197,B10,af_src001,B19,I6,2000,dest_plate,384PP_AQ_BP
198,B11,af_src001,B21,I7,2000,dest_plate,384PP_AQ_BP
199,B11,af_src001,B21,I8,2000,dest_plate,384PP_AQ_BP
200,B11,af_src001,B21,I9,2000,dest_plate,384PP_AQ_BP
201,B11,af_src001,B21,I10,2000,dest_plate,384PP_AQ_BP
202,B11,af_src001,B21,I11,2000,dest_plate,384PP_AQ_BP
203,B11,af_src001,B21,I12,2000,dest_plate,384PP_AQ_BP
204,B11,af_src001,B21,I13,2000,dest_plate,384PP_AQ_BP
205,B11,af_src001,B21,I14,2000,dest_plate,384PP_AQ_BP
206,B11,af_src001,B21,I15,2000,dest_plate,384PP_AQ_BP
207,B12,af_src001,B23,I16,2000,dest_plate,384PP_AQ_BP
208,B12,af_src001,B23,I17,2000,dest_plate,384PP_AQ_BP
209,B12,af_src001,B23,I18,2000,dest_plate,384PP_AQ_BP
210,B12,af_src001,B23,I19,2000,dest_plate,384PP_AQ_BP
211,B12,af_src001,B23,I20,2000,dest_plate,384PP_AQ_BP
212,B12,af_src001,B23,I21,2000,dest_plate,384PP_AQ_BP
213,B12,af_src001,B23,I22,2000,dest_plate,384PP_AQ_BP
214,B12,af_src001,B23,I23,2000,dest_plate,384PP_AQ_BP
215,B12,af_src001,B23,I24,2000,dest_plate,384PP_AQ_BP
216,C1,af_src001,C1,J1,2000,dest_plate,384PP_AQ_BP
217,C1,af_src001,C1,J2,2000,dest_plate,384PP_AQ_BP
218,C1,af_src001,C1,J3,2000,dest_plate,384PP_AQ_BP
219,C1,af_src001,C1,J4,2000,dest_plate,384PP_AQ_BP
220,C1,af_src001,C1,J5,2000,dest_plate,384PP_AQ_BP
221,C1,af_src001,C1,J6,2000,dest_plate,384PP_AQ_BP
222,C1,af_src001,C1,J7,2000,dest_plate,384PP_AQ_BP
223,C1,af_src001,C1,J8,2000,dest_plate,384PP_AQ_BP
224,C1,af_src001,C1,J9,2000,dest_plate,384PP_AQ_BP
225,C2,af_src001,C3,J10,2000,dest_plate,384PP_AQ_BP
226,C2,af_src001,C3,J11,2000,dest_plate,384PP_AQ_BP
227,C2,af_src001,C3,J12,2000,dest_plate,384PP_AQ_BP
228,C2,af_src001,C3,J13,2000,dest_plate,384PP_AQ_BP
229,C2,af_src001,C3,J14,2000,dest_plate,384PP_AQ_BP
230,C2,af_src001,C3,J15,2000,dest_plate,384PP_AQ_BP
231,C2,af_src001,C3,J16,2000,dest_plate,384PP_AQ_BP
232,C2,af_src001,C3,J17,2000,dest_plate,384PP_AQ_BP
233,C2,af_src001,C3,J18,2000,dest_plate,384PP_AQ_BP
234,C3,af_src001,C5,J19,2000,dest_plate,384PP_AQ_BP
235,C3,af_src001,C5,J20,2000,dest_plate,384PP_AQ_BP
236,C3,af_src001,C5,J21,2000,dest_plate,384PP_AQ_BP
237,C3,af_src001,C5,J22,2000,dest_plate,384PP_AQ_BP
238,C3,af_src001,C5,J23,2000,dest_plate,384PP_AQ_BP
239,C3,af_src001,C5,J24,2000,dest_plate,384PP_AQ_BP
240,C3,af_src001,C5,K1,2000,dest_plate,384PP_AQ_BP
241,C3,af_src001,C5,K2,2000,dest_plate,384PP_AQ_BP
242,C3,af_src001,C5,K3,2000,dest_plate,384PP_AQ_BP
243,C4,af_src001,C7,K4,2000,dest_plate,384PP_AQ_BP
244,C4,af_src001,C7,K5,2000,dest_plate,384PP_AQ_BP
245,C4,af_src001,C7,K6,2000,dest_plate,384PP_AQ_BP
246,C4,af_src001,C7,K7,2000,dest_plate,384PP_AQ_BP
247,C4,af_src001,C7,K8,2000,dest_plate,384PP_AQ_BP
248,C4,af_src001,C7,K9,2000,dest_plate,384PP_AQ_BP
249,C4,af_src001,C7,K10,2000,dest_plate,384PP_AQ_BP
250,C4,af_src001,C7,K11,2000,dest_plate,384PP_AQ_BP
251,C4,af_src001,C7,K12,2000,dest_plate,384PP_AQ_BP
252,C5,af_src001,C9,K13,2000,dest_plate,384PP_AQ_BP
253,C5,af_src001,C9,K14,2000,dest_plate,384PP_AQ_BP
254,C5,af_src001,C9,K15,2000,dest_plate,384PP_AQ_BP
255,C5,af_src001,C9,K16,2000,dest_plate,384PP_AQ_BP
256,C5,af_src001,C9,K17,2000,dest_plate,384PP_AQ_BP
257,C5,af_src001,C9,K18,2000,dest_plate,384PP_AQ_BP
258,C5,af_src001,C9,K19,2000,dest_plate,384PP_AQ_BP
259,C5,af_src001,C9,K20,2000,dest_plate,384PP_AQ_BP
260,C5,af_src001,C9,K21,2000,dest_plate,384PP_AQ_BP
261,C6,af_src001,C11,K22,2000,dest_plate,384PP_AQ_BP
262,C6,af_src001,C11,K23,2000,dest_plate,384PP_AQ_BP
263,C6,af_src001,C11,K24,2000,dest_plate,384PP_AQ_BP
264,C6,af_src001,C11,L1,2000,dest_plate,384PP_AQ_BP
265,C6,af_src001,C11,L2,2000,dest_plate,384PP_AQ_BP
266,C6,af_src001,C11,L3,2000,dest_plate,384PP_AQ_BP
267,C6,af_src001,C11,L4,2000,dest_plate,384PP_AQ_BP
268,C6,af_src001,C11,L5,2000,dest_plate,384PP_AQ_BP
269,C6,af_src001,C11,L6,2000,dest_plate,384PP_AQ_BP
270,C7,af_src001,C13,L7,2000,dest_plate,384PP_AQ_BP
271,C7,af_src001,C13,L8,2000,dest_plate,384PP_AQ_BP
272,C7,af_src001,C13,L9,2000,dest_plate,384PP_AQ_BP
273,C7,af_src001,C13,L10,2000,dest_plate,384PP_AQ_BP
274,C7,af_src001,C13,L11,2000,dest_plate,384PP_AQ_BP
275,C7,af_src001,C13,L12,2000,dest_plate,384PP_AQ_BP
276,C7,af_src001,C13,L13,2000,dest_plate,384PP_AQ_BP
277,C7,af_src001,C13,L14,2000,dest_plate,384PP_AQ_BP
278,C7,af_src001,C13,L15,2000,dest_plate,384PP_AQ_BP
279,C8,af_src001,C15,L16,2000,dest_plate,384PP_AQ_BP
280,C8,af_src001,C15,L17,2000,dest_plate,384PP_AQ_BP
281,C8,af_src001,C15,L18,2000,dest_plate,384PP_AQ_BP
282,C8,af_src001,C15,L19,2000,dest_plate,384PP_AQ_BP
283,C8,af_src001,C15,L20,2000,dest_plate,384PP_AQ_BP
284,C8,af_src001,C15,L21,2000,dest_plate,384PP_AQ_BP
285,C8,af_src001,C15,L22,2000,dest_plate,384PP_AQ_BP
286,C8,af_src001,C15,L23,2000,dest_plate,384PP_AQ_BP
287,C8,af_src001,C15,L24,2000,dest_plate,384PP_AQ_BP
288,C9,af_src001,C17,M1,2000,dest_plate,384PP_AQ_BP
289,C9,af_src001,C17,M2,2000,dest_plate,384PP_AQ_BP
290,C9,af_src001,C17,M3,2000,dest_plate,384PP_AQ_BP
291,C9,af_src001,C17,M4,2000,dest_plate,384PP_AQ_BP
292,C9,af_src001,C17,M5,2000,dest_plate,384PP_AQ_BP
293,C9,af_src001,C17,M6,2000,dest_plate,384PP_AQ_BP
294,C9,af_src001,C17,M7,2000,dest_plate,384PP_AQ_BP
295,C9,af_src001,C17,M8,2000,dest_plate,384PP_AQ_BP
296,C9,af_src001,C17,M9,2000,dest_plate,384PP_AQ_BP
297,C10,af_src001,C19,M10,2000,dest_plate,384PP_AQ_BP
298,C10,af_src001,C19,M11,2000,dest_plate,384PP_AQ_BP
299,C10,af_src001,C19,M12,2000,dest_plate,384PP_AQ_BP
300,C10,af_src001,C19,M13,2000,dest_plate,384PP_AQ_BP
301,C10,af_src001,C19,M14,2000,dest_plate,384PP_AQ_BP
302,C10,af_src001,C19,M15,2000,dest_plate,384PP_AQ_BP
303,C10,af_src001,C19,M16,2000,dest_plate,384PP_AQ_BP
304,C10,af_src001,C19,M17,2000,dest_plate,384PP_AQ_BP
305,C10,af_src001,C19,M18,2000,dest_plate,384PP_AQ_BP
306,C11,af_src001,C21,M19,2000,dest_plate,384PP_AQ_BP
307,C11,af_src001,C21,M20,2000,dest_plate,384PP_AQ_BP
308,C11,af_src001,C21,M21,2000,dest_plate,384PP_AQ_BP
309,C11,af_src001,C21,M22,2000,dest_plate,384PP_AQ_BP
310,C11,af_src001,C21,M23,2000,dest_plate,384PP_AQ_BP
311,C11,af_src001,C21,M24,2000,dest_plate,384PP_AQ_BP
312,C11,af_src001,C21,N1,2000,dest_plate,384PP_AQ_BP
313,C11,af_src001,C21,N2,2000,dest_plate,384PP_AQ_BP
314,C11,af_src001,C21,N3,2000,dest_plate,384PP_AQ_BP
315,C12,af_src001,C23,N4,2000,dest_plate,384PP_AQ_BP
316,C12,af_src001,C23,N5,2000,dest_plate,384PP_AQ_BP
317,C12,af_src001,C23,N6,2000,dest_plate,384PP_AQ_BP
318,C12,af_src001,C23,N7,2000,dest_plate,384PP_AQ_BP
319,C12,af_src001,C23,N8,2000,dest_plate,384PP_AQ_BP
320,C12,af_src001,C23,N9,2000,dest_plate,384PP_AQ_BP
321,C12,af_src001,C23,N10,2000,dest_plate,384PP_AQ_BP
322,C12,af_src001,C23,N11,2000,dest_plate,384PP_AQ_BP
323,C12,af_src001,C23,N12,2000,dest_plate,384PP_AQ_BP
324,D1,af_src001,D1,N13,2000,dest_plate,384PP_AQ_BP
325,D1,af_src001,D1,N14,2000,dest_plate,384PP_AQ_BP
326,D1,af_src001,D1,N15,2000,dest_plate,384PP_AQ_BP
327,D1,af_src001,D1,N16,2000,dest_plate,384PP_AQ_BP
328,D1,af_src001,D1,N17,2000,dest_plate,384PP_AQ_BP
329,D1,af_src001,D1,N18,2000,dest_plate,384PP_AQ_BP
330,D1,af_src001,D1,N19,2000,dest_plate,384PP_AQ_BP
331,D1,af_src001,D1,N20,2000,dest_plate,384PP_AQ_BP
332,D1,af_src001,D1,N21,2000,dest_plate,384PP_AQ_BP
333,D2,af_src001,D3,N22,2000,dest_plate,384PP_AQ_BP
334,D2,af_src001,D3,N23,2000,dest_plate,384PP_AQ_BP
335,D2,af_src001,D3,N24,2000,dest_plate,384PP_AQ_BP
336,D2,af_src001,D3,O1,2000,dest_plate,384PP_AQ_BP
337,D2,af_src001,D3,O2,2000,dest_plate,384PP_AQ_BP
338,D2,af_src001,D3,O3,2000,dest_plate,384PP_AQ_BP
339,D2,af_src001,D3,O4,2000,dest_plate,384PP_AQ_BP
340,D2,af_src001,D3,O5,2000,dest_plate,384PP_AQ_BP
341,D2,af_src001,D3,O6,2000,dest_plate,384PP_AQ_BP
342,D3,af_src001,D5,O7,2000,dest_plate,384PP_AQ_BP
343,D3,af_src001,D5,O8,2000,dest_plate,384PP_AQ_BP
344,D3,af_src001,D5,O9,2000,dest_plate,384PP_AQ_BP
345,D3,af_src001,D5,O10,2000,dest_plate,384PP_AQ_BP
346,D3,af_src001,D5,O11,2000,dest_plate,384PP_AQ_BP
347,D3,af_src001,D5,O12,2000,dest_plate,384PP_AQ_BP
348,D3,af_src001,D5,O13,2000,dest_plate,384PP_AQ_BP
349,D3,af_src001,D5,O14,2000,dest_plate,384PP_AQ_BP
350,D3,af_src001,D5,O15,2000,dest_plate,384PP_AQ_BP
351,D4,af_src001,D7,O16,2000,dest_plate,384PP_AQ_BP
352,D4,af_src001,D7,O17,2000,dest_plate,384PP_AQ_BP
353,D4,af_src001,D7,O18,2000,dest_plate,384PP_AQ_BP
354,D4,af_src001,D7,O19,2000,dest_plate,384PP_AQ_BP
355,D4,af_src001,D7,O20,2000,dest_plate,384PP_AQ_BP
356,D4,af_src001,D7,O21,2000,dest_plate,384PP_AQ_BP
357,D4,af_src001,D7,O22,2000,dest_plate,384PP_AQ_BP
358,D4,af_src001,D7,O23,2000,dest_plate,384PP_AQ_BP
359,D4,af_src001,D7,O24,2000,dest_plate,384PP_AQ_BP
360,D5,af_src001,D9,P1,2000,dest_plate,384PP_AQ_BP
361,D5,af_src001,D9,P2,2000,dest_plate,384PP_AQ_BP
362,D5,af_src001,D9,P3,2000,dest_plate,384PP_AQ_BP
363,D5,af_src001,D9,P4,2000,dest_plate,384PP_AQ_BP
364,D5,af_src001,D9,P5,2000,dest_plate,384PP_AQ_BP
365,D5,af_src001,D9,P6,2000,dest_plate,384PP_AQ_BP
366,D5,af_src001,D9,P7,2000,dest_plate,384PP_AQ_BP
367,D5,af_src001,D9,P8,2000,dest_plate,384PP_AQ_BP
368,D5,af_src001,D9,P9,2000,dest_plate,384PP_AQ_BP
369,D6,af_src001,D11,P10,2000,dest_plate,384PP_AQ_BP
370,D6,af_src001,D11,P11,2000,dest_plate,384PP_AQ_BP
371,D6,af_src001,D11,P12,2000,dest_plate,384PP_AQ_BP
372,D6,af_src001,D11,P13,2000,dest_plate,384PP_AQ_BP
373,D6,af_src001,D11,P14,2000,dest_plate,384PP_AQ_BP
374,D6,af_src001,D11,P15,2000,dest_plate,384PP_AQ_BP
375,D6,af_src001,D11,P16,2000,dest_plate,384PP_AQ_BP
376,D6,af_src001,D11,P17,2000,dest_plate,384PP_AQ_BP
377,D6,af_src001,D11,P18,2000,dest_plate,384PP_AQ_BP
378,PBS,af_src001,I8,A2,1200,dest_plate,384PP_AQ_BP
379,PBS,af_src001,I8,A3,1550,dest_plate,384PP_AQ_BP
380,PBS,af_src001,I8,A4,1750,dest_plate,384PP_AQ_BP
381,PBS,af_src001,I8,A5,1850,dest_plate,384PP_AQ_BP
382,PBS,af_src001,I8,A6,1950,dest_plate,384PP_AQ_BP
383,PBS,af_src001,I8,A8,1325,dest_plate,384PP_AQ_BP
384,PBS,af_src001,I8,A9,2000,dest_plate,384PP_AQ_BP
385,PBS,af_src001,I8,A11,1200,dest_plate,384PP_AQ_BP
386,PBS,af_src001,I8,A12,1550,dest_plate,384PP_AQ_BP
387,PBS,af_src001,I8,A13,1750,dest_plate,384PP_AQ_BP
388,PBS,af_src001,I8,A14,1850,dest_plate,384PP_AQ_BP
389,PBS,af_src001,I8,A15,1950,dest_plate,384PP_AQ_BP
390,PBS,af_src001,I8,A17,1325,dest_plate,384PP_AQ_BP
391,PBS,af_src001,I8,A18,2000,dest_plate,384PP_AQ_BP
392,PBS,af_src001,I8,A20,1200,dest_plate,384PP_AQ_BP
393,PBS,af_src001,I8,A21,1550,dest_plate,384PP_AQ_BP
394,PBS,af_src001,I8,A22,1750,dest_plate,384PP_AQ_BP
395,PBS,af_src001,I8,A23,1850,dest_plate,384PP_AQ_BP
396,PBS,af_src001,I8,A24,1950,dest_plate,384PP_AQ_BP
397,PBS,af_src001,I8,B2,1325,dest_plate,384PP_AQ_BP
398,PBS,af_src001,I8,B3,2000,dest_plate,384PP_AQ_BP
399,PBS,af_src001,I8,B5,1200,dest_plate,384PP_AQ_BP
400,PBS,af_src001,I8,B6,1550,dest_plate,384PP_AQ_BP
401,PBS,af_src001,I8,B7,1750,dest_plate,384PP_AQ_BP
402,PBS,af_src001,I9,B8,1850,dest_plate,384PP_AQ_BP
403,PBS,af_src001,I9,B9,1950,dest_plate,384PP_AQ_BP
404,PBS,af_src001,I9,B11,1325,dest_plate,384PP_AQ_BP
405,PBS,af_src001,I9,B12,2000,dest_plate,384PP_AQ_BP
406,PBS,af_src001,I9,B14,1200,dest_plate,384PP_AQ_BP
407,PBS,af_src001,I9,B15,1550,dest_plate,384PP_AQ_BP
408,PBS,af_src001,I9,B16,1750,dest_plate,384PP_AQ_BP
409,PBS,af_src001,I9,B17,1850,dest_plate,384PP_AQ_BP
410,PBS,af_src001,I9,B18,1950,dest_plate,384PP_AQ_BP
411,PBS,af_src001,I9,B20,1325,dest_plate,384PP_AQ_BP
412,PBS,af_src001,I9,B21,2000,dest_plate,384PP_AQ_BP
413,PBS,af_src001,I9,B23,1200,dest_plate,384PP_AQ_BP
414,PBS,af_src001,I9,B24,1550,dest_plate,384PP_AQ_BP
415,PBS,af_src001,I9,C1,1750,dest_plate,384PP_AQ_BP
416,PBS,af_src001,I9,C2,1850,dest_plate,384PP_AQ_BP
417,PBS,af_src001,I9,C3,1950,dest_plate,384PP_AQ_BP
418,PBS,af_src001,I9,C5,1325,dest_plate,384PP_AQ_BP
419,PBS,af_src001,I9,C6,2000,dest_plate,384PP_AQ_BP
420,PBS,af_src001,I9,C8,1200,dest_plate,384PP_AQ_BP
421,PBS,af_src001,I9,C9,1550,dest_plate,384PP_AQ_BP
422,PBS,af_src001,I9,C10,1750,dest_plate,384PP_AQ_BP
423,PBS,af_src001,I9,C11,1850,dest_plate,384PP_AQ_BP
424,PBS,af_src001,I9,C12,1950,dest_plate,384PP_AQ_BP
425,PBS,af_src001,I10,C14,1325,dest_plate,384PP_AQ_BP
426,PBS,af_src001,I10,C15,2000,dest_plate,384PP_AQ_BP
427,PBS,af_src001,I9,C17,1200,dest_plate,384PP_AQ_BP
428,PBS,af_src001,I10,C18,1550,dest_plate,384PP_AQ_BP
429,PBS,af_src001,I10,C19,1750,dest_plate,384PP_AQ_BP
430,PBS,af_src001,I10,C20,1850,dest_plate,384PP_AQ_BP
431,PBS,af_src001,I10,C21,1950,dest_plate,384PP_AQ_BP
432,PBS,af_src001,I10,C23,1325,dest_plate,384PP_AQ_BP
433,PBS,af_src001,I10,C24,2000,dest_plate,384PP_AQ_BP
434,PBS,af_src001,I10,D2,1200,dest_plate,384PP_AQ_BP
435,PBS,af_src001,I10,D3,1550,dest_plate,384PP_AQ_BP
436,PBS,af_src001,I10,D4,1750,dest_plate,384PP_AQ_BP
437,PBS,af_src001,I10,D5,1850,dest_plate,384PP_AQ_BP
438,PBS,af_src001,I10,D6,1950,dest_plate,384PP_AQ_BP
439,PBS,af_src001,I10,D8,1325,dest_plate,384PP_AQ_BP
440,PBS,af_src001,I10,D9,2000,dest_plate,384PP_AQ_BP
441,PBS,af_src001,I10,D11,1200,dest_plate,384PP_AQ_BP
442,PBS,af_src001,I10,D12,1550,dest_plate,384PP_AQ_BP
443,PBS,af_src001,I10,D13,1750,dest_plate,384PP_AQ_BP
444,PBS,af_src001,I10,D14,1850,dest_plate,384PP_AQ_BP
445,PBS,af_src001,I10,D15,1950,dest_plate,384PP_AQ_BP
446,PBS,af_src001,I10,D17,1325,dest_plate,384PP_AQ_BP
447,PBS,af_src001,I10,D18,2000,dest_plate,384PP_AQ_BP
448,PBS,af_src001,I10,D20,1200,dest_plate,384PP_AQ_BP
449,PBS,af_src001,I10,D21,1550,dest_plate,384PP_AQ_BP
450,PBS,af_src001,I11,D22,1750,dest_plate,384PP_AQ_BP
451,PBS,af_src001,I11,D23,1850,dest_plate,384PP_AQ_BP
452,PBS,af_src001,I11,D24,1950,dest_plate,384PP_AQ_BP
453,PBS,af_src001,I11,E2,1325,dest_plate,384PP_AQ_BP
454,PBS,af_src001,I11,E3,2000,dest_plate,384PP_AQ_BP
455,PBS,af_src001,I11,E5,1200,dest_plate,384PP_AQ_BP
456,PBS,af_src001,I11,E6,1550,dest_plate,384PP_AQ_BP
457,PBS,af_src001,I11,E7,1750,dest_plate,384PP_AQ_BP
458,PBS,af_src001,I11,E8,1850,dest_plate,384PP_AQ_BP
459,PBS,af_src001,I11,E9,1950,dest_plate,384PP_AQ_BP
460,PBS,af_src001,I11,E11,1325,dest_plate,384PP_AQ_BP
461,PBS,af_src001,I11,E12,2000,dest_plate,384PP_AQ_BP
462,PBS,af_src001,I11,E14,1200,dest_plate,384PP_AQ_BP
463,PBS,af_src001,I11,E15,1550,dest_plate,384PP_AQ_BP
464,PBS,af_src001,I11,E16,1750,dest_plate,384PP_AQ_BP
465,PBS,af_src001,I11,E17,1850,dest_plate,384PP_AQ_BP
466,PBS,af_src001,I11,E18,1950,dest_plate,384PP_AQ_BP
467,PBS,af_src001,I11,E20,1325,dest_plate,384PP_AQ_BP
468,PBS,af_src001,I11,E21,2000,dest_plate,384PP_AQ_BP
469,PBS,af_src001,I11,E23,1200,dest_plate,384PP_AQ_BP
470,PBS,af_src001,I11,E24,1550,dest_plate,384PP_AQ_BP
471,PBS,af_src001,I11,F1,1750,dest_plate,384PP_AQ_BP
472,PBS,af_src001,I11,F2,1850,dest_plate,384PP_AQ_BP
473,PBS,af_src001,I12,F3,1950,dest_plate,384PP_AQ_BP
474,PBS,af_src001,I11,F5,1325,dest_plate,384PP_AQ_BP
475,PBS,af_src001,I12,F6,2000,dest_plate,384PP_AQ_BP
476,PBS,af_src001,I12,F8,1200,dest_plate,384PP_AQ_BP
477,PBS,af_src001,I12,F9,1550,dest_plate,384PP_AQ_BP
478,PBS,af_src001,I12,F10,1750,dest_plate,384PP_AQ_BP
479,PBS,af_src001,I12,F11,1850,dest_plate,384PP_AQ_BP
480,PBS,af_src001,I12,F12,1950,dest_plate,384PP_AQ_BP
481,PBS,af_src001,I12,F14,1325,dest_plate,384PP_AQ_BP
482,PBS,af_src001,I12,F15,2000,dest_plate,384PP_AQ_BP
483,PBS,af_src001,I12,F17,1200,dest_plate,384PP_AQ_BP
484,PBS,af_src001,I12,F18,1550,dest_plate,384PP_AQ_BP
485,PBS,af_src001,I12,F19,1750,dest_plate,384PP_AQ_BP
486,PBS,af_src001,I12,F20,1850,dest_plate,384PP_AQ_BP
487,PBS,af_src001,I12,F21,1950,dest_plate,384PP_AQ_BP
488,PBS,af_src001,I12,F23,1325,dest_plate,384PP_AQ_BP
489,PBS,af_src001,I12,F24,2000,dest_plate,384PP_AQ_BP
490,PBS,af_src001,I12,G2,1200,dest_plate,384PP_AQ_BP
491,PBS,af_src001,I12,G3,1550,dest_plate,384PP_AQ_BP
492,PBS,af_src001,I12,G4,1750,dest_plate,384PP_AQ_BP
493,PBS,af_src001,I12,G5,1850,dest_plate,384PP_AQ_BP
494,PBS,af_src001,I12,G6,1950,dest_plate,384PP_AQ_BP
495,PBS,af_src001,I12,G8,1325,dest_plate,384PP_AQ_BP
496,PBS,af_src001,I12,G9,2000,dest_plate,384PP_AQ_BP
497,PBS,af_src001,I13,G11,1200,dest_plate,384PP_AQ_BP
498,PBS,af_src001,I13,G12,1550,dest_plate,384PP_AQ_BP
499,PBS,af_src001,I13,G13,1750,dest_plate,384PP_AQ_BP
500,PBS,af_src001,I13,G14,1850,dest_plate,384PP_AQ_BP
501,PBS,af_src001,I13,G15,1950,dest_plate,384PP_AQ_BP
502,PBS,af_src001,I13,G17,1325,dest_plate,384PP_AQ_BP
503,PBS,af_src001,I13,G18,2000,dest_plate,384PP_AQ_BP
504,PBS,af_src001,I13,G20,1200,dest_plate,384PP_AQ_BP
505,PBS,af_src001,I13,G21,1550,dest_plate,384PP_AQ_BP
506,PBS,af_src001,I13,G22,1750,dest_plate,384PP_AQ_BP
507,PBS,af_src001,I13,G23,1850,dest_plate,384PP_AQ_BP
508,PBS,af_src001,I13,G24,1950,dest_plate,384PP_AQ_BP
509,PBS,af_src001,I13,H2,1325,dest_plate,384PP_AQ_BP
510,PBS,af_src001,I13,H3,2000,dest_plate,384PP_AQ_BP
511,PBS,af_src001,I13,H5,1200,dest_plate,384PP_AQ_BP
512,PBS,af_src001,I13,H6,1550,dest_plate,384PP_AQ_BP
513,PBS,af_src001,I13,H7,1750,dest_plate,384PP_AQ_BP
514,PBS,af_src001,I13,H8,1850,dest_plate,384PP_AQ_BP
515,PBS,af_src001,I13,H9,1950,dest_plate,384PP_AQ_BP
516,PBS,af_src001,I13,H11,1325,dest_plate,384PP_AQ_BP
517,PBS,af_src001,I13,H12,2000,dest_plate,384PP_AQ_BP
518,PBS,af_src001,I13,H14,1200,dest_plate,384PP_AQ_BP
519,PBS,af_src001,I13,H15,1550,dest_plate,384PP_AQ_BP
520,PBS,af_src001,I13,H16,1750,dest_plate,384PP_AQ_BP
521,PBS,af_src001,I14,H17,1850,dest_plate,384PP_AQ_BP
522,PBS,af_src001,I14,H18,1950,dest_plate,384PP_AQ_BP
523,PBS,af_src001,I14,H20,1325,dest_plate,384PP_AQ_BP
524,PBS,af_src001,I14,H21,2000,dest_plate,384PP_AQ_BP
525,PBS,af_src001,I14,H23,1200,dest_plate,384PP_AQ_BP
526,PBS,af_src001,I14,H24,1550,dest_plate,384PP_AQ_BP
527,PBS,af_src001,I14,I1,1750,dest_plate,384PP_AQ_BP
528,PBS,af_src001,I14,I2,1850,dest_plate,384PP_AQ_BP
529,PBS,af_src001,I14,I3,1950,dest_plate,384PP_AQ_BP
530,PBS,af_src001,I14,I5,1325,dest_plate,384PP_AQ_BP
531,PBS,af_src001,I14,I6,2000,dest_plate,384PP_AQ_BP
532,PBS,af_src001,I14,I8,1200,dest_plate,384PP_AQ_BP
533,PBS,af_src001,I14,I9,1550,dest_plate,384PP_AQ_BP
534,PBS,af_src001,I14,I10,1750,dest_plate,384PP_AQ_BP
535,PBS,af_src001,I14,I11,1850,dest_plate,384PP_AQ_BP
536,PBS,af_src001,I14,I12,1950,dest_plate,384PP_AQ_BP
537,PBS,af_src001,I14,I14,1325,dest_plate,384PP_AQ_BP
538,PBS,af_src001,I14,I15,2000,dest_plate,384PP_AQ_BP
539,PBS,af_src001,I14,I17,1200,dest_plate,384PP_AQ_BP
540,PBS,af_src001,I14,I18,1550,dest_plate,384PP_AQ_BP
541,PBS,af_src001,I14,I19,1750,dest_plate,384PP_AQ_BP
542,PBS,af_src001,I14,I20,1850,dest_plate,384PP_AQ_BP
543,PBS,af_src001,I14,I21,1950,dest_plate,384PP_AQ_BP
544,PBS,af_src001,I15,I23,1325,dest_plate,384PP_AQ_BP
545,PBS,af_src001,I15,I24,2000,dest_plate,384PP_AQ_BP
546,PBS,af_src001,I14,J2,1200,dest_plate,384PP_AQ_BP
547,PBS,af_src001,I15,J3,1550,dest_plate,384PP_AQ_BP
548,PBS,af_src001,I15,J4,1750,dest_plate,384PP_AQ_BP
549,PBS,af_src001,I15,J5,1850,dest_plate,384PP_AQ_BP
550,PBS,af_src001,I15,J6,1950,dest_plate,384PP_AQ_BP
551,PBS,af_src001,I15,J8,1325,dest_plate,384PP_AQ_BP
552,PBS,af_src001,I15,J9,2000,dest_plate,384PP_AQ_BP
553,PBS,af_src001,I15,J11,1200,dest_plate,384PP_AQ_BP
554,PBS,af_src001,I15,J12,1550,dest_plate,384PP_AQ_BP
555,PBS,af_src001,I15,J13,1750,dest_plate,384PP_AQ_BP
556,PBS,af_src001,I15,J14,1850,dest_plate,384PP_AQ_BP
557,PBS,af_src001,I15,J15,1950,dest_plate,384PP_AQ_BP
558,PBS,af_src001,I15,J17,1325,dest_plate,384PP_AQ_BP
559,PBS,af_src001,I15,J18,2000,dest_plate,384PP_AQ_BP
560,PBS,af_src001,I15,J20,1200,dest_plate,384PP_AQ_BP
561,PBS,af_src001,I15,J21,1550,dest_plate,384PP_AQ_BP
562,PBS,af_src001,I15,J22,1750,dest_plate,384PP_AQ_BP
563,PBS,af_src001,I15,J23,1850,dest_plate,384PP_AQ_BP
564,PBS,af_src001,I15,J24,1950,dest_plate,384PP_AQ_BP
565,PBS,af_src001,I15,K2,1325,dest_plate,384PP_AQ_BP
566,PBS,af_src001,I15,K3,2000,dest_plate,384PP_AQ_BP
567,PBS,af_src001,I15,K5,1200,dest_plate,384PP_AQ_BP
568,PBS,af_src001,I15,K6,1550,dest_plate,384PP_AQ_BP
569,PBS,af_src001,I16,K7,1750,dest_plate,384PP_AQ_BP
570,PBS,af_src001,I16,K8,1850,dest_plate,384PP_AQ_BP
571,PBS,af_src001,I16,K9,1950,dest_plate,384PP_AQ_BP
572,PBS,af_src001,I16,K11,1325,dest_plate,384PP_AQ_BP
573,PBS,af_src001,I16,K12,2000,dest_plate,384PP_AQ_BP
574,PBS,af_src001,I16,K14,1200,dest_plate,384PP_AQ_BP
575,PBS,af_src001,I16,K15,1550,dest_plate,384PP_AQ_BP
576,PBS,af_src001,I16,K16,1750,dest_plate,384PP_AQ_BP
577,PBS,af_src001,I16,K17,1850,dest_plate,384PP_AQ_BP
578,PBS,af_src001,I16,K18,1950,dest_plate,384PP_AQ_BP
579,PBS,af_src001,I16,K20,1325,dest_plate,384PP_AQ_BP
580,PBS,af_src001,I16,K21,2000,dest_plate,384PP_AQ_BP
581,PBS,af_src001,I16,K23,1200,dest_plate,384PP_AQ_BP
582,PBS,af_src001,I16,K24,1550,dest_plate,384PP_AQ_BP
583,PBS,af_src001,I16,L1,1750,dest_plate,384PP_AQ_BP
584,PBS,af_src001,I16,L2,1850,dest_plate,384PP_AQ_BP
585,PBS,af_src001,I16,L3,1950,dest_plate,384PP_AQ_BP
586,PBS,af_src001,I16,L5,1325,dest_plate,384PP_AQ_BP
587,PBS,af_src001,I16,L6,2000,dest_plate,384PP_AQ_BP
588,PBS,af_src001,I16,L8,1200,dest_plate,384PP_AQ_BP
589,PBS,af_src001,I16,L9,1550,dest_plate,384PP_AQ_BP
590,PBS,af_src001,I16,L10,1750,dest_plate,384PP_AQ_BP
591,PBS,af_src001,I16,L11,1850,dest_plate,384PP_AQ_BP
592,PBS,af_src001,I17,L12,1950,dest_plate,384PP_AQ_BP
593,PBS,af_src001,I16,L14,1325,dest_plate,384PP_AQ_BP
594,PBS,af_src001,I17,L15,2000,dest_plate,384PP_AQ_BP
595,PBS,af_src001,I17,L17,1200,dest_plate,384PP_AQ_BP
596,PBS,af_src001,I17,L18,1550,dest_plate,384PP_AQ_BP
597,PBS,af_src001,I17,L19,1750,dest_plate,384PP_AQ_BP
598,PBS,af_src001,I17,L20,1850,dest_plate,384PP_AQ_BP
599,PBS,af_src001,I17,L21,1950,dest_plate,384PP_AQ_BP
600,PBS,af_src001,I17,L23,1325,dest_plate,384PP_AQ_BP
601,PBS,af_src001,I17,L24,2000,dest_plate,384PP_AQ_BP
602,PBS,af_src001,I17,M2,1200,dest_plate,384PP_AQ_BP
603,PBS,af_src001,I17,M3,1550,dest_plate,384PP_AQ_BP
604,PBS,af_src001,I17,M4,1750,dest_plate,384PP_AQ_BP
605,PBS,af_src001,I17,M5,1850,dest_plate,384PP_AQ_BP
606,PBS,af_src001,I17,M6,1950,dest_plate,384PP_AQ_BP
607,PBS,af_src001,I17,M8,1325,dest_plate,384PP_AQ_BP
608,PBS,af_src001,I17,M9,2000,dest_plate,384PP_AQ_BP
609,PBS,af_src001,I17,M11,1200,dest_plate,384PP_AQ_BP
610,PBS,af_src001,I17,M12,1550,dest_plate,384PP_AQ_BP
611,PBS,af_src001,I17,M13,1750,dest_plate,384PP_AQ_BP
612,PBS,af_src001,I17,M14,1850,dest_plate,384PP_AQ_BP
613,PBS,af_src001,I17,M15,1950,dest_plate,384PP_AQ_BP
614,PBS,af_src001,I17,M17,1325,dest_plate,384PP_AQ_BP
615,PBS,af_src001,I17,M18,2000,dest_plate,384PP_AQ_BP
616,PBS,af_src001,I18,M20,1200,dest_plate,384PP_AQ_BP
617,PBS,af_src001,I18,M21,1550,dest_plate,384PP_AQ_BP
618,PBS,af_src001,I18,M22,1750,dest_plate,384PP_AQ_BP
619,PBS,af_src001,I18,M23,1850,dest_plate,384PP_AQ_BP
620,PBS,af_src001,I18,M24,1950,dest_plate,384PP_AQ_BP
621,PBS,af_src001,I18,N2,1325,dest_plate,384PP_AQ_BP
622,PBS,af_src001,I18,N3,2000,dest_plate,384PP_AQ_BP
623,PBS,af_src001,I18,N5,1200,dest_plate,384PP_AQ_BP
624,PBS,af_src001,I18,N6,1550,dest_plate,384PP_AQ_BP
625,PBS,af_src001,I18,N7,1750,dest_plate,384PP_AQ_BP
626,PBS,af_src001,I18,N8,1850,dest_plate,384PP_AQ_BP
627,PBS,af_src001,I18,N9,1950,dest_plate,384PP_AQ_BP
628,PBS,af_src001,I18,N11,1325,dest_plate,384PP_AQ_BP
629,PBS,af_src001,I18,N12,2000,dest_plate,384PP_AQ_BP
630,PBS,af_src001,I18,N14,1200,dest_plate,384PP_AQ_BP
631,PBS,af_src001,I18,N15,1550,dest_plate,384PP_AQ_BP
632,PBS,af_src001,I18,N16,1750,dest_plate,384PP_AQ_BP
633,PBS,af_src001,I18,N17,1850,dest_plate,384PP_AQ_BP
634,PBS,af_src001,I18,N18,1950,dest_plate,384PP_AQ_BP
635,PBS,af_src001,I18,N20,1325,dest_plate,384PP_AQ_BP
636,PBS,af_src001,I18,N21,2000,dest_plate,384PP_AQ_BP
637,PBS,af_src001,I18,N23,1200,dest_plate,384PP_AQ_BP
638,PBS,af_src001,I18,N24,1550,dest_plate,384PP_AQ_BP
639,PBS,af_src001,I18,O1,1750,dest_plate,384PP_AQ_BP
640,PBS,af_src001,I19,O2,1850,dest_plate,384PP_AQ_BP
641,PBS,af_src001,I19,O3,1950,dest_plate,384PP_AQ_BP
642,PBS,af_src001,I19,O5,1325,dest_plate,384PP_AQ_BP
643,PBS,af_src001,I19,O6,2000,dest_plate,384PP_AQ_BP
644,PBS,af_src001,I19,O8,1200,dest_plate,384PP_AQ_BP
645,PBS,af_src001,I19,O9,1550,dest_plate,384PP_AQ_BP
646,PBS,af_src001,I19,O10,1750,dest_plate,384PP_AQ_BP
647,PBS,af_src001,I19,O11,1850,dest_plate,384PP_AQ_BP
648,PBS,af_src001,I19,O12,1950,dest_plate,384PP_AQ_BP
649,PBS,af_src001,I19,O14,1325,dest_plate,384PP_AQ_BP
650,PBS,af_src001,I19,O15,2000,dest_plate,384PP_AQ_BP
651,PBS,af_src001,I19,O17,1200,dest_plate,384PP_AQ_BP
652,PBS,af_src001,I19,O18,1550,dest_plate,384PP_AQ_BP
653,PBS,af_src001,I19,O19,1750,dest_plate,384PP_AQ_BP
654,PBS,af_src001,I19,O20,1850,dest_plate,384PP_AQ_BP
655,PBS,af_src001,I19,O21,1950,dest_plate,384PP_AQ_BP
656,PBS,af_src001,I19,O23,1325,dest_plate,384PP_AQ_BP
657,PBS,af_src001,I19,O24,2000,dest_plate,384PP_AQ_BP
658,PBS,af_src001,I19,P2,1200,dest_plate,384PP_AQ_BP
659,PBS,af_src001,I19,P3,1550,dest_plate,384PP_AQ_BP
660,PBS,af_src001,I19,P4,1750,dest_plate,384PP_AQ_BP
661,PBS,af_src001,I19,P5,1850,dest_plate,384PP_AQ_BP
662,PBS,af_src001,I19,P6,1950,dest_plate,384PP_AQ_BP
663,PBS,af_src001,I20,P8,1325,dest_plate,384PP_AQ_BP
664,PBS,af_src001,I20,P9,2000,dest_plate,384PP_AQ_BP
665,PBS,af_src001,I19,P11,1200,dest_plate,384PP_AQ_BP
666,PBS,af_src001,I20,P12,1550,dest_plate,384PP_AQ_BP
667,PBS,af_src001,I20,P13,1750,dest_plate,384PP_AQ_BP
668,PBS,af_src001,I20,P14,1850,dest_plate,384PP_AQ_BP
669,PBS,af_src001,I20,P15,1950,dest_plate,384PP_AQ_BP
670,PBS,af_src001,I20,P17,1325,dest_plate,384PP_AQ_BP
671,PBS,af_src001,I20,P18,2000,dest_plate,384PP_AQ_BP
672,antigen,af_src001,I1,A1,2000,dest_plate,384PP_AQ_BP
673,antigen,af_src001,I1,A2,800,dest_plate,384PP_AQ_BP
674,antigen,af_src001,I1,A3,450,dest_plate,384PP_AQ_BP
675,antigen,af_src001,I1,A4,250,dest_plate,384PP_AQ_BP
676,antigen,af_src001,I1,A5,150,dest_plate,384PP_AQ_BP
677,antigen,af_src001,I1,A6,50,dest_plate,384PP_AQ_BP
678,antigen,af_src001,I1,A10,2000,dest_plate,384PP_AQ_BP
679,antigen,af_src001,I1,A11,800,dest_plate,384PP_AQ_BP
680,antigen,af_src001,I1,A12,450,dest_plate,384PP_AQ_BP
681,antigen,af_src001,I1,A13,250,dest_plate,384PP_AQ_BP
682,antigen,af_src001,I1,A14,150,dest_plate,384PP_AQ_BP
683,antigen,af_src001,I1,A15,50,dest_plate,384PP_AQ_BP
684,antigen,af_src001,I1,A19,2000,dest_plate,384PP_AQ_BP
685,antigen,af_src001,I1,A20,800,dest_plate,384PP_AQ_BP
686,antigen,af_src001,I1,A21,450,dest_plate,384PP_AQ_BP
687,antigen,af_src001,I1,A22,250,dest_plate,384PP_AQ_BP
688,antigen,af_src001,I1,A23,150,dest_plate,384PP_AQ_BP
689,antigen,af_src001,I1,A24,50,dest_plate,384PP_AQ_BP
690,antigen,af_src001,I1,B4,2000,dest_plate,384PP_AQ_BP
691,antigen,af_src001,I1,B5,800,dest_plate,384PP_AQ_BP
692,antigen,af_src001,I1,B6,450,dest_plate,384PP_AQ_BP
693,antigen,af_src001,I1,B7,250,dest_plate,384PP_AQ_BP
694,antigen,af_src001,I1,B8,150,dest_plate,384PP_AQ_BP
695,antigen,af_src001,I1,B9,50,dest_plate,384PP_AQ_BP
696,antigen,af_src001,I1,B13,2000,dest_plate,384PP_AQ_BP
697,antigen,af_src001,I1,B14,800,dest_plate,384PP_AQ_BP
698,antigen,af_src001,I1,B15,450,dest_plate,384PP_AQ_BP
699,antigen,af_src001,I1,B16,250,dest_plate,384PP_AQ_BP
700,antigen,af_src001,I1,B17,150,dest_plate,384PP_AQ_BP
701,antigen,af_src001,I1,B18,50,dest_plate,384PP_AQ_BP
702,antigen,af_src001,I1,B22,2000,dest_plate,384PP_AQ_BP
703,antigen,af_src001,I1,B23,800,dest_plate,384PP_AQ_BP
704,antigen,af_src001,I1,B24,450,dest_plate,384PP_AQ_BP
705,antigen,af_src001,I1,C1,250,dest_plate,384PP_AQ_BP
706,antigen,af_src001,I1,C2,150,dest_plate,384PP_AQ_BP
707,antigen,af_src001,I1,C3,50,dest_plate,384PP_AQ_BP
708,antigen,af_src001,I1,C7,2000,dest_plate,384PP_AQ_BP
709,antigen,af_src001,I1,C8,800,dest_plate,384PP_AQ_BP
710,antigen,af_src001,I1,C9,450,dest_plate,384PP_AQ_BP
711,antigen,af_src001,I1,C10,250,dest_plate,384PP_AQ_BP
712,antigen,af_src001,I1,C11,150,dest_plate,384PP_AQ_BP
713,antigen,af_src001,I1,C12,50,dest_plate,384PP_AQ_BP
714,antigen,af_src001,I1,C16,2000,dest_plate,384PP_AQ_BP
715,antigen,af_src001,I1,C17,800,dest_plate,384PP_AQ_BP
716,antigen,af_src001,I1,C18,450,dest_plate,384PP_AQ_BP
717,antigen,af_src001,I1,C19,250,dest_plate,384PP_AQ_BP
718,antigen,af_src001,I1,C20,150,dest_plate,384PP_AQ_BP
719,antigen,af_src001,I1,C21,50,dest_plate,384PP_AQ_BP
720,antigen,af_src001,I1,D1,2000,dest_plate,384PP_AQ_BP
721,antigen,af_src001,I1,D2,800,dest_plate,384PP_AQ_BP
722,antigen,af_src001,I1,D3,450,dest_plate,384PP_AQ_BP
723,antigen,af_src001,I1,D4,250,dest_plate,384PP_AQ_BP
724,antigen,af_src001,I1,D5,150,dest_plate,384PP_AQ_BP
725,antigen,af_src001,I1,D6,50,dest_plate,384PP_AQ_BP
726,antigen,af_src001,I1,D10,2000,dest_plate,384PP_AQ_BP
727,antigen,af_src001,I1,D11,800,dest_plate,384PP_AQ_BP
728,antigen,af_src001,I1,D12,450,dest_plate,384PP_AQ_BP
729,antigen,af_src001,I1,D13,250,dest_plate,384PP_AQ_BP
730,antigen,af_src001,I1,D14,150,dest_plate,384PP_AQ_BP
731,antigen,af_src001,I1,D15,50,dest_plate,384PP_AQ_BP
732,antigen,af_src001,I1,D19,2000,dest_plate,384PP_AQ_BP
733,antigen,af_src001,I1,D20,800,dest_plate,384PP_AQ_BP
734,antigen,af_src001,I2,D21,450,dest_plate,384PP_AQ_BP
735,antigen,af_src001,I2,D22,250,dest_plate,384PP_AQ_BP
736,antigen,af_src001,I1,D23,150,dest_plate,384PP_AQ_BP
737,antigen,af_src001,I2,D24,50,dest_plate,384PP_AQ_BP
738,antigen,af_src001,I2,E4,2000,dest_plate,384PP_AQ_BP
739,antigen,af_src001,I2,E5,800,dest_plate,384PP_AQ_BP
740,antigen,af_src001,I2,E6,450,dest_plate,384PP_AQ_BP
741,antigen,af_src001,I2,E7,250,dest_plate,384PP_AQ_BP
742,antigen,af_src001,I2,E8,150,dest_plate,384PP_AQ_BP
743,antigen,af_src001,I2,E9,50,dest_plate,384PP_AQ_BP
744,antigen,af_src001,I2,E13,2000,dest_plate,384PP_AQ_BP
745,antigen,af_src001,I2,E14,800,dest_plate,384PP_AQ_BP
746,antigen,af_src001,I2,E15,450,dest_plate,384PP_AQ_BP
747,antigen,af_src001,I2,E16,250,dest_plate,384PP_AQ_BP
748,antigen,af_src001,I2,E17,150,dest_plate,384PP_AQ_BP
749,antigen,af_src001,I2,E18,50,dest_plate,384PP_AQ_BP
750,antigen,af_src001,I2,E22,2000,dest_plate,384PP_AQ_BP
751,antigen,af_src001,I2,E23,800,dest_plate,384PP_AQ_BP
752,antigen,af_src001,I2,E24,450,dest_plate,384PP_AQ_BP
753,antigen,af_src001,I2,F1,250,dest_plate,384PP_AQ_BP
754,antigen,af_src001,I2,F2,150,dest_plate,384PP_AQ_BP
755,antigen,af_src001,I2,F3,50,dest_plate,384PP_AQ_BP
756,antigen,af_src001,I2,F7,2000,dest_plate,384PP_AQ_BP
757,antigen,af_src001,I2,F8,800,dest_plate,384PP_AQ_BP
758,antigen,af_src001,I2,F9,450,dest_plate,384PP_AQ_BP
759,antigen,af_src001,I2,F10,250,dest_plate,384PP_AQ_BP
760,antigen,af_src001,I2,F11,150,dest_plate,384PP_AQ_BP
761,antigen,af_src001,I2,F12,50,dest_plate,384PP_AQ_BP
762,antigen,af_src001,I2,F16,2000,dest_plate,384PP_AQ_BP
763,antigen,af_src001,I2,F17,800,dest_plate,384PP_AQ_BP
764,antigen,af_src001,I2,F18,450,dest_plate,384PP_AQ_BP
765,antigen,af_src001,I2,F19,250,dest_plate,384PP_AQ_BP
766,antigen,af_src001,I2,F20,150,dest_plate,384PP_AQ_BP
767,antigen,af_src001,I2,F21,50,dest_plate,384PP_AQ_BP
768,antigen,af_src001,I2,G1,2000,dest_plate,384PP_AQ_BP
769,antigen,af_src001,I2,G2,800,dest_plate,384PP_AQ_BP
770,antigen,af_src001,I2,G3,450,dest_plate,384PP_AQ_BP
771,antigen,af_src001,I2,G4,250,dest_plate,384PP_AQ_BP
772,antigen,af_src001,I2,G5,150,dest_plate,384PP_AQ_BP
773,antigen,af_src001,I2,G6,50,dest_plate,384PP_AQ_BP
774,antigen,af_src001,I2,G10,2000,dest_plate,384PP_AQ_BP
775,antigen,af_src001,I2,G11,800,dest_plate,384PP_AQ_BP
776,antigen,af_src001,I2,G12,450,dest_plate,384PP_AQ_BP
777,antigen,af_src001,I2,G13,250,dest_plate,384PP_AQ_BP
778,antigen,af_src001,I2,G14,150,dest_plate,384PP_AQ_BP
779,antigen,af_src001,I2,G15,50,dest_plate,384PP_AQ_BP
780,antigen,af_src001,I2,G19,2000,dest_plate,384PP_AQ_BP
781,antigen,af_src001,I2,G20,800,dest_plate,384PP_AQ_BP
782,antigen,af_src001,I2,G21,450,dest_plate,384PP_AQ_BP
783,antigen,af_src001,I2,G22,250,dest_plate,384PP_AQ_BP
784,antigen,af_src001,I2,G23,150,dest_plate,384PP_AQ_BP
785,antigen,af_src001,I2,G24,50,dest_plate,384PP_AQ_BP
786,antigen,af_src001,I2,H4,2000,dest_plate,384PP_AQ_BP
787,antigen,af_src001,I2,H5,800,dest_plate,384PP_AQ_BP
788,antigen,af_src001,I2,H6,450,dest_plate,384PP_AQ_BP
789,antigen,af_src001,I2,H7,250,dest_plate,384PP_AQ_BP
790,antigen,af_src001,I2,H8,150,dest_plate,384PP_AQ_BP
791,antigen,af_src001,I2,H9,50,dest_plate,384PP_AQ_BP
792,antigen,af_src001,I2,H13,2000,dest_plate,384PP_AQ_BP
793,antigen,af_src001,I2,H14,800,dest_plate,384PP_AQ_BP
794,antigen,af_src001,I2,H15,450,dest_plate,384PP_AQ_BP
795,antigen,af_src001,I2,H16,250,dest_plate,384PP_AQ_BP
796,antigen,af_src001,I2,H17,150,dest_plate,384PP_AQ_BP
797,antigen,af_src001,I2,H18,50,dest_plate,384PP_AQ_BP
798,antigen,af_src001,I2,H22,2000,dest_plate,384PP_AQ_BP
799,antigen,af_src001,I3,H23,800,dest_plate,384PP_AQ_BP
800,antigen,af_src001,I3,H24,450,dest_plate,384PP_AQ_BP
801,antigen,af_src001,I3,I1,250,dest_plate,384PP_AQ_BP
802,antigen,af_src001,I2,I2,150,dest_plate,384PP_AQ_BP
803,antigen,af_src001,I2,I3,50,dest_plate,384PP_AQ_BP
804,antigen,af_src001,I3,I7,2000,dest_plate,384PP_AQ_BP
805,antigen,af_src001,I3,I8,800,dest_plate,384PP_AQ_BP
806,antigen,af_src001,I3,I9,450,dest_plate,384PP_AQ_BP
807,antigen,af_src001,I3,I10,250,dest_plate,384PP_AQ_BP
808,antigen,af_src001,I3,I11,150,dest_plate,384PP_AQ_BP
809,antigen,af_src001,I3,I12,50,dest_plate,384PP_AQ_BP
810,antigen,af_src001,I3,I16,2000,dest_plate,384PP_AQ_BP
811,antigen,af_src001,I3,I17,800,dest_plate,384PP_AQ_BP
812,antigen,af_src001,I3,I18,450,dest_plate,384PP_AQ_BP
813,antigen,af_src001,I3,I19,250,dest_plate,384PP_AQ_BP
814,antigen,af_src001,I3,I20,150,dest_plate,384PP_AQ_BP
815,antigen,af_src001,I3,I21,50,dest_plate,384PP_AQ_BP
816,antigen,af_src001,I3,J1,2000,dest_plate,384PP_AQ_BP
817,antigen,af_src001,I3,J2,800,dest_plate,384PP_AQ_BP
818,antigen,af_src001,I3,J3,450,dest_plate,384PP_AQ_BP
819,antigen,af_src001,I3,J4,250,dest_plate,384PP_AQ_BP
820,antigen,af_src001,I3,J5,150,dest_plate,384PP_AQ_BP
821,antigen,af_src001,I3,J6,50,dest_plate,384PP_AQ_BP
822,antigen,af_src001,I3,J10,2000,dest_plate,384PP_AQ_BP
823,antigen,af_src001,I3,J11,800,dest_plate,384PP_AQ_BP
824,antigen,af_src001,I3,J12,450,dest_plate,384PP_AQ_BP
825,antigen,af_src001,I3,J13,250,dest_plate,384PP_AQ_BP
826,antigen,af_src001,I3,J14,150,dest_plate,384PP_AQ_BP
827,antigen,af_src001,I3,J15,50,dest_plate,384PP_AQ_BP
828,antigen,af_src001,I3,J19,2000,dest_plate,384PP_AQ_BP
829,antigen,af_src001,I3,J20,800,dest_plate,384PP_AQ_BP
830,antigen,af_src001,I3,J21,450,dest_plate,384PP_AQ_BP
831,antigen,af_src001,I3,J22,250,dest_plate,384PP_AQ_BP
832,antigen,af_src001,I3,J23,150,dest_plate,384PP_AQ_BP
833,antigen,af_src001,I3,J24,50,dest_plate,384PP_AQ_BP
834,antigen,af_src001,I3,K4,2000,dest_plate,384PP_AQ_BP
835,antigen,af_src001,I3,K5,800,dest_plate,384PP_AQ_BP
836,antigen,af_src001,I3,K6,450,dest_plate,384PP_AQ_BP
837,antigen,af_src001,I3,K7,250,dest_plate,384PP_AQ_BP
838,antigen,af_src001,I3,K8,150,dest_plate,384PP_AQ_BP
839,antigen,af_src001,I3,K9,50,dest_plate,384PP_AQ_BP
840,antigen,af_src001,I3,K13,2000,dest_plate,384PP_AQ_BP
841,antigen,af_src001,I3,K14,800,dest_plate,384PP_AQ_BP
842,antigen,af_src001,I3,K15,450,dest_plate,384PP_AQ_BP
843,antigen,af_src001,I3,K16,250,dest_plate,384PP_AQ_BP
844,antigen,af_src001,I3,K17,150,dest_plate,384PP_AQ_BP
845,antigen,af_src001,I3,K18,50,dest_plate,384PP_AQ_BP
846,antigen,af_src001,I3,K22,2000,dest_plate,384PP_AQ_BP
847,antigen,af_src001,I3,K23,800,dest_plate,384PP_AQ_BP
848,antigen,af_src001,I3,K24,450,dest_plate,384PP_AQ_BP
849,antigen,af_src001,I3,L1,250,dest_plate,384PP_AQ_BP
850,antigen,af_src001,I3,L2,150,dest_plate,384PP_AQ_BP
851,antigen,af_src001,I3,L3,50,dest_plate,384PP_AQ_BP
852,antigen,af_src001,I3,L7,2000,dest_plate,384PP_AQ_BP
853,antigen,af_src001,I3,L8,800,dest_plate,384PP_AQ_BP
854,antigen,af_src001,I3,L9,450,dest_plate,384PP_AQ_BP
855,antigen,af_src001,I3,L10,250,dest_plate,384PP_AQ_BP
856,antigen,af_src001,I3,L11,150,dest_plate,384PP_AQ_BP
857,antigen,af_src001,I3,L12,50,dest_plate,384PP_AQ_BP
858,antigen,af_src001,I3,L16,2000,dest_plate,384PP_AQ_BP
859,antigen,af_src001,I3,L17,800,dest_plate,384PP_AQ_BP
860,antigen,af_src001,I3,L18,450,dest_plate,384PP_AQ_BP
861,antigen,af_src001,I3,L19,250,dest_plate,384PP_AQ_BP
862,antigen,af_src001,I3,L20,150,dest_plate,384PP_AQ_BP
863,antigen,af_src001,I3,L21,50,dest_plate,384PP_AQ_BP
864,antigen,af_src001,I4,M1,2000,dest_plate,384PP_AQ_BP
865,antigen,af_src001,I3,M2,800,dest_plate,384PP_AQ_BP
866,antigen,af_src001,I3,M3,450,dest_plate,384PP_AQ_BP
867,antigen,af_src001,I4,M4,250,dest_plate,384PP_AQ_BP
868,antigen,af_src001,I3,M5,150,dest_plate,384PP_AQ_BP
869,antigen,af_src001,I3,M6,50,dest_plate,384PP_AQ_BP
870,antigen,af_src001,I4,M10,2000,dest_plate,384PP_AQ_BP
871,antigen,af_src001,I4,M11,800,dest_plate,384PP_AQ_BP
872,antigen,af_src001,I4,M12,450,dest_plate,384PP_AQ_BP
873,antigen,af_src001,I4,M13,250,dest_plate,384PP_AQ_BP
874,antigen,af_src001,I4,M14,150,dest_plate,384PP_AQ_BP
875,antigen,af_src001,I4,M15,50,dest_plate,384PP_AQ_BP
876,antigen,af_src001,I4,M19,2000,dest_plate,384PP_AQ_BP
877,antigen,af_src001,I4,M20,800,dest_plate,384PP_AQ_BP
878,antigen,af_src001,I4,M21,450,dest_plate,384PP_AQ_BP
879,antigen,af_src001,I4,M22,250,dest_plate,384PP_AQ_BP
880,antigen,af_src001,I4,M23,150,dest_plate,384PP_AQ_BP
881,antigen,af_src001,I4,M24,50,dest_plate,384PP_AQ_BP
882,antigen,af_src001,I4,N4,2000,dest_plate,384PP_AQ_BP
883,antigen,af_src001,I4,N5,800,dest_plate,384PP_AQ_BP
884,antigen,af_src001,I4,N6,450,dest_plate,384PP_AQ_BP
885,antigen,af_src001,I4,N7,250,dest_plate,384PP_AQ_BP
886,antigen,af_src001,I4,N8,150,dest_plate,384PP_AQ_BP
887,antigen,af_src001,I4,N9,50,dest_plate,384PP_AQ_BP
888,antigen,af_src001,I4,N13,2000,dest_plate,384PP_AQ_BP
889,antigen,af_src001,I4,N14,800,dest_plate,384PP_AQ_BP
890,antigen,af_src001,I4,N15,450,dest_plate,384PP_AQ_BP
891,antigen,af_src001,I4,N16,250,dest_plate,384PP_AQ_BP
892,antigen,af_src001,I4,N17,150,dest_plate,384PP_AQ_BP
893,antigen,af_src001,I4,N18,50,dest_plate,384PP_AQ_BP
894,antigen,af_src001,I4,N22,2000,dest_plate,384PP_AQ_BP
895,antigen,af_src001,I4,N23,800,dest_plate,384PP_AQ_BP
896,antigen,af_src001,I4,N24,450,dest_plate,384PP_AQ_BP
897,antigen,af_src001,I4,O1,250,dest_plate,384PP_AQ_BP
898,antigen,af_src001,I4,O2,150,dest_plate,384PP_AQ_BP
899,antigen,af_src001,I4,O3,50,dest_plate,384PP_AQ_BP
900,antigen,af_src001,I4,O7,2000,dest_plate,384PP_AQ_BP
901,antigen,af_src001,I4,O8,800,dest_plate,384PP_AQ_BP
902,antigen,af_src001,I4,O9,450,dest_plate,384PP_AQ_BP
903,antigen,af_src001,I4,O10,250,dest_plate,384PP_AQ_BP
904,antigen,af_src001,I4,O11,150,dest_plate,384PP_AQ_BP
905,antigen,af_src001,I4,O12,50,dest_plate,384PP_AQ_BP
906,antigen,af_src001,I4,O16,2000,dest_plate,384PP_AQ_BP
907,antigen,af_src001,I4,O17,800,dest_plate,384PP_AQ_BP
908,antigen,af_src001,I4,O18,450,dest_plate,384PP_AQ_BP
909,antigen,af_src001,I4,O19,250,dest_plate,384PP_AQ_BP
910,antigen,af_src001,I4,O20,150,dest_plate,384PP_AQ_BP
911,antigen,af_src001,I4,O21,50,dest_plate,384PP_AQ_BP
912,antigen,af_src001,I4,P1,2000,dest_plate,384PP_AQ_BP
913,antigen,af_src001,I4,P2,800,dest_plate,384PP_AQ_BP
914,antigen,af_src001,I4,P3,450,dest_plate,384PP_AQ_BP
915,antigen,af_src001,I4,P4,250,dest_plate,384PP_AQ_BP
916,antigen,af_src001,I4,P5,150,dest_plate,384PP_AQ_BP
917,antigen,af_src001,I4,P6,50,dest_plate,384PP_AQ_BP
918,antigen,af_src001,I4,P10,2000,dest_plate,384PP_AQ_BP
919,antigen,af_src001,I4,P11,800,dest_plate,384PP_AQ_BP
920,antigen,af_src001,I4,P12,450,dest_plate,384PP_AQ_BP
921,antigen,af_src001,I4,P13,250,dest_plate,384PP_AQ_BP
922,antigen,af_src001,I4,P14,150,dest_plate,384PP_AQ_BP
923,antigen,af_src001,I4,P15,50,dest_plate,384PP_AQ_BP
924,antigen2,af_src001,I5,A7,2000,dest_plate,384PP_AQ_BP
925,antigen2,af_src001,I5,A8,675,dest_plate,384PP_AQ_BP
926,antigen2,af_src001,I5,A16,2000,dest_plate,384PP_AQ_BP
927,antigen2,af_src001,I5,A17,675,dest_plate,384PP_AQ_BP
928,antigen2,af_src001,I5,B1,2000,dest_plate,384PP_AQ_BP
929,antigen2,af_src001,I5,B2,675,dest_plate,384PP_AQ_BP
930,antigen2,af_src001,I5,B10,2000,dest_plate,384PP_AQ_BP
931,antigen2,af_src001,I5,B11,675,dest_plate,384PP_AQ_BP
932,antigen2,af_src001,I5,B19,2000,dest_plate,384PP_AQ_BP
933,antigen2,af_src001,I5,B20,675,dest_plate,384PP_AQ_BP
934,antigen2,af_src001,I5,C4,2000,dest_plate,384PP_AQ_BP
935,antigen2,af_src001,I5,C5,675,dest_plate,384PP_AQ_BP
936,antigen2,af_src001,I5,C13,2000,dest_plate,384PP_AQ_BP
937,antigen2,af_src001,I5,C14,675,dest_plate,384PP_AQ_BP
938,antigen2,af_src001,I5,C22,2000,dest_plate,384PP_AQ_BP
939,antigen2,af_src001,I5,C23,675,dest_plate,384PP_AQ_BP
940,antigen2,af_src001,I5,D7,2000,dest_plate,384PP_AQ_BP
941,antigen2,af_src001,I5,D8,675,dest_plate,384PP_AQ_BP
942,antigen2,af_src001,I5,D16,2000,dest_plate,384PP_AQ_BP
943,antigen2,af_src001,I5,D17,675,dest_plate,384PP_AQ_BP
944,antigen2,af_src001,I5,E1,2000,dest_plate,384PP_AQ_BP
945,antigen2,af_src001,I5,E2,675,dest_plate,384PP_AQ_BP
946,antigen2,af_src001,I5,E10,2000,dest_plate,384PP_AQ_BP
947,antigen2,af_src001,I5,E11,675,dest_plate,384PP_AQ_BP
948,antigen2,af_src001,I5,E19,2000,dest_plate,384PP_AQ_BP
949,antigen2,af_src001,I5,E20,675,dest_plate,384PP_AQ_BP
950,antigen2,af_src001,I5,F4,2000,dest_plate,384PP_AQ_BP
951,antigen2,af_src001,I5,F5,675,dest_plate,384PP_AQ_BP
952,antigen2,af_src001,I5,F13,2000,dest_plate,384PP_AQ_BP
953,antigen2,af_src001,I6,F14,675,dest_plate,384PP_AQ_BP
954,antigen2,af_src001,I6,F22,2000,dest_plate,384PP_AQ_BP
955,antigen2,af_src001,I6,F23,675,dest_plate,384PP_AQ_BP
956,antigen2,af_src001,I6,G7,2000,dest_plate,384PP_AQ_BP
957,antigen2,af_src001,I6,G8,675,dest_plate,384PP_AQ_BP
958,antigen2,af_src001,I6,G16,2000,dest_plate,384PP_AQ_BP
959,antigen2,af_src001,I6,G17,675,dest_plate,384PP_AQ_BP
960,antigen2,af_src001,I6,H1,2000,dest_plate,384PP_AQ_BP
961,antigen2,af_src001,I6,H2,675,dest_plate,384PP_AQ_BP
962,antigen2,af_src001,I6,H10,2000,dest_plate,384PP_AQ_BP
963,antigen2,af_src001,I6,H11,675,dest_plate,384PP_AQ_BP
964,antigen2,af_src001,I6,H19,2000,dest_plate,384PP_AQ_BP
965,antigen2,af_src001,I6,H20,675,dest_plate,384PP_AQ_BP
966,antigen2,af_src001,I6,I4,2000,dest_plate,384PP_AQ_BP
967,antigen2,af_src001,I6,I5,675,dest_plate,384PP_AQ_BP
968,antigen2,af_src001,I6,I13,2000,dest_plate,384PP_AQ_BP
969,antigen2,af_src001,I6,I14,675,dest_plate,384PP_AQ_BP
970,antigen2,af_src001,I6,I22,2000,dest_plate,384PP_AQ_BP
971,antigen2,af_src001,I6,I23,675,dest_plate,384PP_AQ_BP
972,antigen2,af_src001,I6,J7,2000,dest_plate,384PP_AQ_BP
973,antigen2,af_src001,I6,J8,675,dest_plate,384PP_AQ_BP
974,antigen2,af_src001,I6,J16,2000,dest_plate,384PP_AQ_BP
975,antigen2,af_src001,I6,J17,675,dest_plate,384PP_AQ_BP
976,antigen2,af_src001,I6,K1,2000,dest_plate,384PP_AQ_BP
977,antigen2,af_src001,I6,K2,675,dest_plate,384PP_AQ_BP
978,antigen2,af_src001,I6,K10,2000,dest_plate,384PP_AQ_BP
979,antigen2,af_src001,I6,K11,675,dest_plate,384PP_AQ_BP
980,antigen2,af_src001,I6,K19,2000,dest_plate,384PP_AQ_BP
981,antigen2,af_src001,I6,K20,675,dest_plate,384PP_AQ_BP
982,antigen2,af_src001,I7,L4,2000,dest_plate,384PP_AQ_BP
983,antigen2,af_src001,I6,L5,675,dest_plate,384PP_AQ_BP
984,antigen2,af_src001,I7,L13,2000,dest_plate,384PP_AQ_BP
985,antigen2,af_src001,I6,L14,675,dest_plate,384PP_AQ_BP
986,antigen2,af_src001,I7,L22,2000,dest_plate,384PP_AQ_BP
987,antigen2,af_src001,I7,L23,675,dest_plate,384PP_AQ_BP
988,antigen2,af_src001,I7,M7,2000,dest_plate,384PP_AQ_BP
989,antigen2,af_src001,I7,M8,675,dest_plate,384PP_AQ_BP
990,antigen2,af_src001,I7,M16,2000,dest_plate,384PP_AQ_BP
991,antigen2,af_src001,I7,M17,675,dest_plate,384PP_AQ_BP
992,antigen2,af_src001,I7,N1,2000,dest_plate,384PP_AQ_BP
993,antigen2,af_src001,I7,N2,675,dest_plate,384PP_AQ_BP
994,antigen2,af_src001,I7,N10,2000,dest_plate,384PP_AQ_BP
995,antigen2,af_src001,I7,N11,675,dest_plate,384PP_AQ_BP
996,antigen2,af_src001,I7,N19,2000,dest_plate,384PP_AQ_BP
997,antigen2,af_src001,I7,N20,675,dest_plate,384PP_AQ_BP
998,antigen2,af_src001,I7,O4,2000,dest_plate,384PP_AQ_BP
999,antigen2,af_src001,I7,O5,675,dest_plate,384PP_AQ_BP
1000,antigen2,af_src001,I7,O13,2000,dest_plate,384PP_AQ_BP
1001,antigen2,af_src001,I7,O14,675,dest_plate,384PP_AQ_BP
1002,antigen2,af_src001,I7,O22,2000,dest_plate,384PP_AQ_BP
1003,antigen2,af_src001,I7,O23,675,dest_plate,384PP_AQ_BP
1004,antigen2,af_src001,I7,P7,2000,dest_plate,384PP_AQ_BP
1005,antigen2,af_src001,I7,P8,675,dest_plate,384PP_AQ_BP
1006,antigen2,af_src001,I7,P16,2000,dest_plate,384PP_AQ_BP
1007,antigen2,af_src001,I7,P17,675,dest_plate,384PP_AQ_BP